name,industry,category,founded_year,country,status,funding_total_usd,funding_rounds,opportunity_score,opportunity_category,trend_slope,news_volume,news_sentiment,reddit_density,gdp_growth,inflation,startup_density,log_funding,pipeline_score,data_quality,gdp_context
BioBlast Pharma,Biotechnology,Healthcare & Life Sciences,2012,Israel,operating,4750000,1,51.2,Medium Potential,-0.10261248185776486,223401,6.1121,0.6548,2.4471683674131803,1.67553715750052,9.8603,6.6766937010552745,54.1471,0.5,Israel's GDP grew by 2.4% in 2012; no detailed context is available for this market at this time.
Piqqual,Semiconductors,Manufacturing & Industrial,2009,United States,operating,2000000,2,50.1,Medium Potential,-0.0562006128043864,142286,6.3866,0.111,-2.57650022958367,-0.355546266299747,5.9556,6.301030212811169,51.0489,0.5,"The US GDP fell 2.6% in the worst recession since the Great Depression, triggered by the subprime mortgage collapse, the Lehman Brothers bankruptcy and a resulting global credit freeze."
Workhint,Curated Web,Internet & Web Services,2014,United States,operating,25000,1,39.41,Lower Potential,-0.1490888566360264,289042,2.8252,0.0,2.52381981363968,1.6222229774081698,2.2114,4.397957380103888,44.1627,0.5,United States's GDP grew by 2.5% in 2014; no detailed context is available for this market at this time.
Infomous,Publishing,Media & Entertainment,2011,United States,operating,500000,1,52.26,Medium Potential,-0.04331962586679572,204426,6.5926,1.595,1.56440685763506,3.156841568622,8.5108,5.6989708729241135,55.2864,0.5,United States's GDP grew by 1.6% in 2011; no detailed context is available for this market at this time.
blinkbox,Games,Gaming,2006,United Kingdom,operating,0,1,48.18,Medium Potential,0.07224641186905338,28849,6.4302,0.2639,2.18982132415704,2.4556616643929,1.4791,0.0,38.7086,0.5,United Kingdom's GDP grew by 2.2% in 2006; no detailed context is available for this market at this time.
B2X Care Solutions,Hardware + Software,Manufacturing & Industrial,2007,United States,operating,15000000,2,52.21,Medium Potential,-0.10064908885663602,60188,6.4589,0.0927,2.00385829784946,2.85267248150138,5.0924,7.176091288008647,50.0521,0.5,United States's GDP grew by 2.0% in 2007; no detailed context is available for this market at this time.
Yatra,Travel,Travel & Hospitality,2006,India,operating,45000000,4,60.61,Medium Potential,0.0004434768585712522,28849,6.4302,0.0858,8.06073257166651,5.79652337561634,0.0264,7.653212523426332,52.8065,0.5,"India's GDP expanded 8.1% driven by strong domestic consumption, rising software export revenues and an infrastructure investment push."
SprainGo,Medical,Healthcare & Life Sciences,2013,United States,operating,0,1,36.08,Lower Potential,-0.0580067731011127,218815,2.8293,1.524,2.11783009790057,1.4648326556271698,5.7652,0.0,33.3178,0.5,United States's GDP grew by 2.1% in 2013; no detailed context is available for this market at this time.
Service at Home,Tutoring,Education & Training,2013,Switzerland,operating,300000,1,47.87,Medium Potential,0.008345428156748946,218815,2.8293,5.1975,1.7921440071611698,-0.217323155115693,0.8653,5.477122702365524,48.1585,0.5,Switzerland's GDP grew by 1.8% in 2013; no detailed context is available for this market at this time.
DataPop,SEO,Marketing & Advertising,2008,United States,operating,9200000,3,55.77,Medium Potential,0.02759635542654412,83586,6.4159,0.1391,0.113587249881704,3.839100296651,4.8472,6.963787874551475,53.3042,0.5,United States's GDP grew by 0.1% in 2008; no detailed context is available for this market at this time.
Activation Media,Games,Gaming,2010,United States,operating,705000,2,57.15,Medium Potential,0.032071440090308004,149705,6.5582,11.994000000000002,2.69519257744442,1.6400434423898995,6.943,5.8481897330115045,57.5496,0.5,United States's GDP grew by 2.7% in 2010; no detailed context is available for this market at this time.
Discoveroom P.C.,Travel,Travel & Hospitality,2013,Greece,operating,558612,2,47.83,Medium Potential,0.0611393323657475,218815,2.8293,2.3865,-2.2721169988802403,-0.921269454256994,0.456,5.747111038351326,47.7375,0.5,"Greece's economy contracted a further 2.3% as austerity continued, though the pace of decline slowed as structural reforms began to stabilise public finances."
KidsCash,E-Commerce,E-Commerce & Retail,2011,United States,operating,0,1,51.99,Medium Potential,0.16354217061764234,204426,6.5926,3.9796,1.56440685763506,3.156841568622,8.5108,0.0,47.3209,0.5,United States's GDP grew by 1.6% in 2011; no detailed context is available for this market at this time.
Plumwise,Communities,Social & Community,2013,United States,operating,228000,1,46.04,Medium Potential,-0.0382599580712788,218815,2.8293,12.5511,2.11783009790057,1.4648326556271698,5.7652,5.357936751796637,49.3746,0.5,United States's GDP grew by 2.1% in 2013; no detailed context is available for this market at this time.
FabZat,Games,Gaming,2013,France,operating,600000,1,65.5,Medium Potential,0.11812610869214644,218815,2.8293,255.3467,0.7817564462309999,0.8637154978618051,0.5909,5.7781519742071765,59.9379,0.5,France's GDP grew by 0.8% in 2013; no detailed context is available for this market at this time.
EidoSearch,Data Visualization,Data & Analytics,2010,Canada,operating,0,1,43.46,Medium Potential,-0.06353813900983712,149705,6.5582,0.9138,3.09080634469335,1.77687154092627,3.2053,0.0,37.0905,0.5,Canada's GDP grew by 3.1% in 2010; no detailed context is available for this market at this time.
ACTV8me,Telecommunications,Communications & Telecom,2011,United States,operating,11879704,4,52.03,Medium Potential,-0.1018787292372198,204426,6.5926,2.3186,1.56440685763506,3.156841568622,8.5108,7.074805656262778,53.3449,0.5,United States's GDP grew by 1.6% in 2011; no detailed context is available for this market at this time.
SMR SITE,Curated Web,Internet & Web Services,2009,United States,closed,60000,1,54.94,Medium Potential,0.11504192872117405,142286,6.3866,1.4966,-2.57650022958367,-0.355546266299747,5.9556,4.77815848856469,56.8512,0.5,"The US GDP fell 2.6% in the worst recession since the Great Depression, triggered by the subprime mortgage collapse, the Lehman Brothers bankruptcy and a resulting global credit freeze."
Elastera,Software,Technology & Software,2013,United Kingdom,operating,350000,1,45.99,Medium Potential,-0.06474762135139495,218815,2.8293,34.4581,1.71846961308464,2.29166666666659,2.9467,5.54406928518988,47.4018,0.5,United Kingdom's GDP grew by 1.7% in 2013; no detailed context is available for this market at this time.
Consumer Physics,Hardware,Manufacturing & Industrial,2011,Israel,operating,14481216,5,57.95,Medium Potential,-0.021810998226092525,204426,6.5926,0.3144,5.518796213716509,3.48837209302323,8.4988,7.160805061458834,57.8403,0.5,Israel's GDP grew by 5.5% in 2011; no detailed context is available for this market at this time.
Next One's On Me (NOOM),Curated Web,Internet & Web Services,2011,United States,operating,0,1,37.96,Lower Potential,-0.1654773423641348,204426,6.5926,0.0,1.56440685763506,3.156841568622,8.5108,0.0,36.1256,0.5,United States's GDP grew by 1.6% in 2011; no detailed context is available for this market at this time.
Flipora,Web Browsers,Technology & Software,2007,United States,operating,3900000,2,52.97,Medium Potential,-0.060333010804708924,60188,6.4589,0.0,2.00385829784946,2.85267248150138,5.0924,6.591064718384044,51.4032,0.5,United States's GDP grew by 2.0% in 2007; no detailed context is available for this market at this time.
ShopIgniter,Social Media Marketing,Marketing & Advertising,2009,United States,acquired,12500000,3,57.22,Medium Potential,0.0828898564747621,142286,6.3866,0.2528,-2.57650022958367,-0.355546266299747,5.9556,7.096910047751614,55.7267,0.5,"The US GDP fell 2.6% in the worst recession since the Great Depression, triggered by the subprime mortgage collapse, the Lehman Brothers bankruptcy and a resulting global credit freeze."
cWyze,Advertising,Marketing & Advertising,2010,United States,operating,250000,1,54.31,Medium Potential,-0.003930817610062827,149705,6.5582,0.4084,2.69519257744442,1.6400434423898995,6.943,5.397941745846491,55.9269,0.5,United States's GDP grew by 2.7% in 2010; no detailed context is available for this market at this time.
OutboundEngine,Software,Technology & Software,2012,United States,operating,6800000,1,53.8,Medium Potential,-0.07672149653281728,223401,6.1121,27.4755,2.28911338669843,2.06933726526067,8.1759,6.832508976573068,54.9164,0.5,United States's GDP grew by 2.3% in 2012; no detailed context is available for this market at this time.
Sponge,Curated Web,Internet & Web Services,2010,United States,acquired,400000,1,47.48,Medium Potential,-0.17815674891146588,149705,6.5582,3.4442,2.69519257744442,1.6400434423898995,6.943,5.602061077062809,50.182,0.5,United States's GDP grew by 2.7% in 2010; no detailed context is available for this market at this time.
Thoof,News,Media & Entertainment,2006,United States,operating,1000000,1,53.37,Medium Potential,-0.03767537493952585,28849,6.4302,0.093,2.78453963650701,3.22594410070404,4.1591,6.0000004342942646,51.6181,0.5,United States's GDP grew by 2.8% in 2006; no detailed context is available for this market at this time.
SocialBro,Twitter Applications,Internet & Web Services,2011,United Kingdom,operating,3269528,3,47.75,Medium Potential,-0.1654773423641348,204426,6.5926,0.0,0.8514377390203259,3.8561124468282,3.5410000000000004,6.5144851938119865,47.9653,0.5,United Kingdom's GDP grew by 0.9% in 2011; no detailed context is available for this market at this time.
Narvalous,Startups,Enterprise & Business Services,2010,United States,operating,800000,1,46.81,Medium Potential,-0.20412030317690694,149705,6.5582,2.3232,2.69519257744442,1.6400434423898995,6.943,5.903090529859707,49.2698,0.5,United States's GDP grew by 2.7% in 2010; no detailed context is available for this market at this time.
Ecinity,Promotional,Marketing & Advertising,2012,United States,operating,1800000,2,55.55,Medium Potential,0.019956458635703923,223401,6.1121,1.596,2.28911338669843,2.06933726526067,8.1759,6.255272746377951,57.2411,0.5,United States's GDP grew by 2.3% in 2012; no detailed context is available for this market at this time.
BIO-PATH HOLDINGS,Biotechnology,Healthcare & Life Sciences,2011,United States,operating,2317000,4,52.15,Medium Potential,-0.0690533784873407,204426,6.5926,0.0,1.56440685763506,3.156841568622,8.5108,6.36492622122821,54.365,0.5,United States's GDP grew by 1.6% in 2011; no detailed context is available for this market at this time.
Zang,Online Dating,Social & Community,2013,Russian Federation,operating,200000,1,44.79,Medium Potential,-0.0382599580712788,218815,2.8293,12.5511,1.75542214874298,6.75466833903486,0.1321,5.301032167130962,45.2316,0.5,Russian Federation's GDP grew by 1.8% in 2013; no detailed context is available for this market at this time.
Wireless Seismic,Hardware + Software,Manufacturing & Industrial,2006,United States,operating,63000001,6,49.83,Medium Potential,-0.19017094017094016,28849,6.4302,0.0877,2.78453963650701,3.22594410070404,4.1591,7.799340563240707,46.4949,0.5,United States's GDP grew by 2.8% in 2006; no detailed context is available for this market at this time.
HitFox Group,Mobile Games,Gaming,2011,Germany,operating,0,1,56.84,Medium Potential,0.20831317529430726,204426,6.5926,29.0341,3.7579688448933695,2.07517283735874,1.0215,0.0,46.9307,0.5,Germany's GDP grew by 3.8% in 2011; no detailed context is available for this market at this time.
Empow Studios,Educational Games,Gaming,2013,United States,operating,18000,1,63.84,Medium Potential,0.11812610869214644,218815,2.8293,255.3467,2.11783009790057,1.4648326556271698,5.7652,4.25529663190434,63.2892,0.5,United States's GDP grew by 2.1% in 2013; no detailed context is available for this market at this time.
Perfint Healthcare,Biotechnology,Healthcare & Life Sciences,2005,India,operating,32700000,4,56.16,Medium Potential,-0.08142235123367196,9041,5.9149,0.0727,7.9234306214831784,4.24634362031922,0.0113,7.514547765941463,49.2666,0.5,"India grew 7.9% as economic liberalisation, a booming IT services sector and strong FDI inflows accelerated its emergence as a global outsourcing hub."
CareDox,Health and Wellness,Healthcare & Life Sciences,2010,United States,operating,4039845,2,51.85,Medium Potential,-0.10815997419771,149705,6.5582,0.2631,2.69519257744442,1.6400434423898995,6.943,6.606364810005416,52.4201,0.5,United States's GDP grew by 2.7% in 2010; no detailed context is available for this market at this time.
Luxury Fashion Trade,Fashion,Consumer & Lifestyle,2008,Germany,operating,2026500,2,50.98,Medium Potential,-0.07859619416223187,83586,6.4159,0.1292,0.887902330743628,2.6283798163721896,0.5968,6.306746822385322,48.0265,0.5,Germany's GDP grew by 0.9% in 2008; no detailed context is available for this market at this time.
Event Farm,Event Management,Enterprise & Business Services,2011,United States,operating,1025000,2,48.42,Medium Potential,-0.15015723270440248,204426,6.5926,4.3785,1.56440685763506,3.156841568622,8.5108,6.0107242890935,51.7965,0.5,United States's GDP grew by 1.6% in 2011; no detailed context is available for this market at this time.
Goodfilms,Reviews and Recommendations,Social & Community,2011,United States,operating,170000,2,54.69,Medium Potential,0.019291243347847167,204426,6.5926,11.948,1.56440685763506,3.156841568622,8.5108,5.230451476044183,57.7591,0.5,United States's GDP grew by 1.6% in 2011; no detailed context is available for this market at this time.
Pharnext,Biotechnology,Healthcare & Life Sciences,2007,France,operating,19941400,3,53.3,Medium Potential,-0.09327527818093853,60188,6.4589,0.0972,2.53048188351066,1.4879980595386002,0.7342,7.29975566677379,48.437,0.5,France's GDP grew by 2.5% in 2007; no detailed context is available for this market at this time.
DataNitro,Software,Technology & Software,2012,United States,operating,0,1,42.91,Medium Potential,-0.07672149653281728,223401,6.1121,27.4755,2.28911338669843,2.06933726526067,8.1759,0.0,39.9164,0.5,United States's GDP grew by 2.3% in 2012; no detailed context is available for this market at this time.
Storage By The Box,Curated Web,Internet & Web Services,2009,United States,closed,250000,1,55.93,Medium Potential,0.11504192872117405,142286,6.3866,1.4966,-2.57650022958367,-0.355546266299747,5.9556,5.397941745846491,56.8512,0.5,"The US GDP fell 2.6% in the worst recession since the Great Depression, triggered by the subprime mortgage collapse, the Lehman Brothers bankruptcy and a resulting global credit freeze."
Avancar,Transportation,Transportation & Logistics,2005,Spain,operating,0,1,41.36,Medium Potential,-0.08422835026608608,9041,5.9149,0.0971,3.5512255846125003,3.3688140975038303,0.3894,0.0,32.3839,0.5,Spain's GDP grew by 3.6% in 2005; no detailed context is available for this market at this time.
Baxano,Health Care,Healthcare & Life Sciences,2005,United States,acquired,31200000,2,53.37,Medium Potential,-0.08142235123367196,9041,5.9149,0.0727,3.48354993555606,3.3927468454955,3.3399,7.494154607938138,49.0363,0.5,United States's GDP grew by 3.5% in 2005; no detailed context is available for this market at this time.
YapTime,Curated Web,Internet & Web Services,2010,United States,operating,200000,1,47.0,Medium Potential,-0.17815674891146588,149705,6.5582,3.4442,2.69519257744442,1.6400434423898995,6.943,5.301032167130962,50.182,0.5,United States's GDP grew by 2.7% in 2010; no detailed context is available for this market at this time.
CYP Design,Biotechnology,Healthcare & Life Sciences,2012,United Kingdom,operating,0,1,39.8,Lower Potential,-0.10261248185776486,223401,6.1121,0.6548,1.52826034721852,2.5732347965453,4.0338,0.0,35.3878,0.5,United Kingdom's GDP grew by 1.5% in 2012; no detailed context is available for this market at this time.
Circle Internet Financial,Bitcoin,Finance & Fintech,2013,United States,operating,26000000,2,59.8,Medium Potential,0.2265441057893888,218815,2.8293,0.5826,2.11783009790057,1.4648326556271698,5.7652,7.414973364674451,57.8437,0.5,United States's GDP grew by 2.1% in 2013; no detailed context is available for this market at this time.
Care Technology Systems,Health Care,Healthcare & Life Sciences,2010,United States,operating,980000,2,50.87,Medium Potential,-0.10815997419771,149705,6.5582,0.2631,2.69519257744442,1.6400434423898995,6.943,5.991226518849904,52.4201,0.5,United States's GDP grew by 2.7% in 2010; no detailed context is available for this market at this time.
Braintree,software,Technology & Software,2007,United States,acquired,69000000,2,54.95,Medium Potential,-0.060333010804708924,60188,6.4589,0.0,2.00385829784946,2.85267248150138,5.0924,7.838849097031377,51.4032,0.5,United States's GDP grew by 2.0% in 2007; no detailed context is available for this market at this time.
galaxyadvisors,Analytics,Data & Analytics,2007,United States,operating,600000,1,53.42,Medium Potential,-0.018807450411223968,60188,6.4589,0.1114,2.00385829784946,2.85267248150138,5.0924,5.7781519742071765,52.8023,0.5,United States's GDP grew by 2.0% in 2007; no detailed context is available for this market at this time.
Messagemind,Enterprise Software,Technology & Software,2010,United States,operating,3427500,1,53.16,Medium Potential,-0.09097323012417356,149705,6.5582,13.4627,2.69519257744442,1.6400434423898995,6.943,6.534977590170352,53.4683,0.5,United States's GDP grew by 2.7% in 2010; no detailed context is available for this market at this time.
Butterfly Network,Software,Technology & Software,2011,United States,operating,100000000,1,56.76,Medium Potential,-0.04448879213030155,204426,6.5926,18.0741,1.56440685763506,3.156841568622,8.5108,8.000000004342946,55.8349,0.5,United States's GDP grew by 1.6% in 2011; no detailed context is available for this market at this time.
Minderest,Technology,Technology & Software,2012,Spain,operating,0,1,39.47,Lower Potential,-0.07672149653281728,223401,6.1121,27.4755,-2.86511368637748,2.44612782366809,1.7318,0.0,33.8344,0.5,Spain's GDP contracted 2.9% as EU austerity conditions attached to its banking-sector bailout suppressed public investment and household spending.
JobConvo,Curated Web,Internet & Web Services,2011,Brazil,operating,40000,2,46.27,Medium Potential,-0.1654773423641348,204426,6.5926,0.0,3.97442307944702,6.6364496221309,0.2202,4.602070848554296,47.2194,0.5,Brazil's GDP grew by 4.0% in 2011; no detailed context is available for this market at this time.
Daniel Vosovic LLC,Manufacturing,Manufacturing & Industrial,2006,United States,operating,287685,1,46.11,Medium Potential,-0.19017094017094016,28849,6.4302,0.0877,2.78453963650701,3.22594410070404,4.1591,5.458918727824679,46.4949,0.5,United States's GDP grew by 2.8% in 2006; no detailed context is available for this market at this time.
Ogorod,Social Media,Social & Community,2009,Russian Federation,closed,1400000,2,62.2,Medium Potential,0.36415497500403177,142286,6.3866,3.5784,-7.79999391271275,11.647329576411801,0.084,6.146128345888473,57.4724,0.5,"Russia's GDP fell 7.8% as the global financial crisis caused oil prices to plummet from their 2008 peak, capital fled the country and domestic credit markets seized up."
Jobyourlife,Curated Web,Internet & Web Services,2012,Italy,operating,643300,1,48.85,Medium Potential,-0.03227302048056762,223401,6.1121,0.0,-3.12523877282996,3.04136333226775,0.7144,5.808414226503966,48.5662,0.5,"Italy's GDP contracted 3.1% as EU-mandated austerity measures, introduced in response to soaring sovereign bond yields, compressed domestic demand."
Alpha Omega Enterprise,Consulting,Enterprise & Business Services,2014,United States,operating,0,1,32.63,Lower Potential,-0.14370666021609413,289042,2.8252,0.0,2.52381981363968,1.6222229774081698,2.2114,0.0,29.3435,0.5,United States's GDP grew by 2.5% in 2014; no detailed context is available for this market at this time.
Varaani Works,Enterprise Software,Technology & Software,2010,Finland,operating,220006,1,51.65,Medium Potential,-0.09097323012417356,149705,6.5582,13.4627,3.1682879121621,1.18413523154646,3.1697,5.342436499063161,51.7379,0.5,Finland's GDP grew by 3.2% in 2010; no detailed context is available for this market at this time.
Preventice,Health and Wellness,Healthcare & Life Sciences,2007,United States,operating,1500000,1,50.93,Medium Potential,-0.09327527818093853,60188,6.4589,0.0972,2.00385829784946,2.85267248150138,5.0924,6.176091548585238,50.3,0.5,United States's GDP grew by 2.0% in 2007; no detailed context is available for this market at this time.
Mission Markets,Finance,Finance & Fintech,2009,United States,operating,2595747,2,57.38,Medium Potential,0.11294952427027898,142286,6.3866,0.0569,-2.57650022958367,-0.355546266299747,5.9556,6.414262528066046,56.7296,0.5,"The US GDP fell 2.6% in the worst recession since the Great Depression, triggered by the subprime mortgage collapse, the Lehman Brothers bankruptcy and a resulting global credit freeze."
WiFi Rail,Mobile,Technology & Software,2005,United States,operating,5109529,1,51.37,Medium Potential,-0.09931865828092244,9041,5.9149,0.2912,3.48354993555606,3.3927468454955,3.3399,6.708380953403966,48.4429,0.5,United States's GDP grew by 3.5% in 2005; no detailed context is available for this market at this time.
ShieldSquare,Information Security,Security & Privacy,2013,India,operating,350000,1,44.69,Medium Potential,-0.10163683276890824,218815,2.8293,6.9966,6.38610640094825,10.017878474610198,0.0556,5.54406928518988,44.57,0.5,"India's GDP growth slowed to 6.4% as high inflation, a current account deficit and the rupee's sharp depreciation following the US Federal Reserve's 'taper tantrum' constrained the economy."
Konokopia,News,Media & Entertainment,2012,United States,operating,0,1,41.73,Medium Potential,-0.07490727302048056,223401,6.1121,3.9247,2.28911338669843,2.06933726526067,8.1759,0.0,39.1372,0.5,United States's GDP grew by 2.3% in 2012; no detailed context is available for this market at this time.
Zealify,Recruiting,HR & Recruiting,2013,United Kingdom,operating,96984,4,43.01,Medium Potential,-0.07071440090308012,218815,2.8293,0.0,1.71846961308464,2.29166666666659,2.9467,4.986704570132507,45.9721,0.5,United Kingdom's GDP grew by 1.7% in 2013; no detailed context is available for this market at this time.
Inspire Medical Systems,Health Care,Healthcare & Life Sciences,2007,United States,operating,57000000,2,53.44,Medium Potential,-0.09327527818093853,60188,6.4589,0.0972,2.00385829784946,2.85267248150138,5.0924,7.755874863291693,50.3,0.5,United States's GDP grew by 2.0% in 2007; no detailed context is available for this market at this time.
My Fashion Database,Fashion,Consumer & Lifestyle,2008,United States,operating,340000,1,49.03,Medium Potential,-0.07859619416223187,83586,6.4159,0.1292,0.113587249881704,3.839100296651,4.8472,5.531480194377087,49.7363,0.5,United States's GDP grew by 0.1% in 2008; no detailed context is available for this market at this time.
trueEX,Startups,Enterprise & Business Services,2010,United States,operating,20175000,6,49.04,Medium Potential,-0.20412030317690694,149705,6.5582,2.3232,2.69519257744442,1.6400434423898995,6.943,7.304813564920477,49.2698,0.5,United States's GDP grew by 2.7% in 2010; no detailed context is available for this market at this time.
Perzo,Public Relations,Marketing & Advertising,2012,United States,operating,5500000,2,56.33,Medium Potential,0.019956458635703923,223401,6.1121,1.596,2.28911338669843,2.06933726526067,8.1759,6.74036276845687,57.2411,0.5,United States's GDP grew by 2.3% in 2012; no detailed context is available for this market at this time.
RiffTrax,Games,Gaming,2006,United States,operating,5000000,1,59.11,Medium Potential,0.07224641186905338,28849,6.4302,0.2639,2.78453963650701,3.22594410070404,4.1591,6.698970091194908,55.3171,0.5,United States's GDP grew by 2.8% in 2006; no detailed context is available for this market at this time.
Lab7 Systems,Biotechnology,Healthcare & Life Sciences,2012,United States,operating,710000,2,49.71,Medium Potential,-0.10261248185776486,223401,6.1121,0.6548,2.28911338669843,2.06933726526067,8.1759,5.8512589604010135,53.0899,0.5,United States's GDP grew by 2.3% in 2012; no detailed context is available for this market at this time.
mDialog,Advertising,Marketing & Advertising,2005,Canada,acquired,8027970,2,55.09,Medium Potential,-0.018706660216094184,9041,5.9149,0.0724,3.21045439063563,2.21355203439767,0.8684,6.9046057949860105,49.8764,0.5,Canada's GDP grew by 3.2% in 2005; no detailed context is available for this market at this time.
Ensogo,E-Commerce,E-Commerce & Retail,2009,Thailand,acquired,2000000,1,61.91,Medium Potential,0.1918238993710692,142286,6.3866,1.5256,-0.690618232300579,-0.845716092316721,0.0587,6.301030212811169,57.2517,0.5,Thailand's GDP contracted by 0.7% in 2009; no detailed context is available for this market at this time.
DadShed,Software,Technology & Software,2013,United Kingdom,operating,21211,6,44.05,Medium Potential,-0.06474762135139495,218815,2.8293,34.4581,1.71846961308464,2.29166666666659,2.9467,4.326581618446525,47.4018,0.5,United Kingdom's GDP grew by 1.7% in 2013; no detailed context is available for this market at this time.
Bellybaloo,Medical,Healthcare & Life Sciences,2011,United States,operating,105000,1,50.01,Medium Potential,-0.0690533784873407,204426,6.5926,0.0,1.56440685763506,3.156841568622,8.5108,5.021193435188166,54.365,0.5,United States's GDP grew by 1.6% in 2011; no detailed context is available for this market at this time.
Exponential Entertainment,Consumer Internet,Consumer & Lifestyle,2007,United States,operating,1464200,1,52.11,Medium Potential,-0.06462667311723913,60188,6.4589,0.0989,2.00385829784946,2.85267248150138,5.0924,6.165600699126027,51.2625,0.5,United States's GDP grew by 2.0% in 2007; no detailed context is available for this market at this time.
FindThatCourse,Educational Games,Gaming,2013,United States,operating,250000,1,65.66,Medium Potential,0.11812610869214644,218815,2.8293,255.3467,2.11783009790057,1.4648326556271698,5.7652,5.397941745846491,63.2892,0.5,United States's GDP grew by 2.1% in 2013; no detailed context is available for this market at this time.
Endomondo,Social Media,Social & Community,2007,Denmark,operating,8175000,7,66.52,Medium Potential,0.2604217061764232,60188,6.4589,0.6255,0.987173815945127,1.6932658622031498,1.2817,6.912487814457028,59.8414,0.5,Denmark's GDP grew by 1.0% in 2007; no detailed context is available for this market at this time.
SmartestK12,Education,Education & Training,2013,United States,operating,0,1,39.07,Lower Potential,0.008345428156748946,218815,2.8293,5.1975,2.11783009790057,1.4648326556271698,5.7652,0.0,35.678,0.5,United States's GDP grew by 2.1% in 2013; no detailed context is available for this market at this time.
Data Elite,Finance,Finance & Fintech,2013,United States,operating,0,1,47.98,Medium Potential,0.2265441057893888,218815,2.8293,0.5826,2.11783009790057,1.4648326556271698,5.7652,0.0,42.8437,0.5,United States's GDP grew by 2.1% in 2013; no detailed context is available for this market at this time.
Oil sands express,Transportation,Transportation & Logistics,2014,Canada,operating,0,1,38.38,Lower Potential,-0.01124012256087722,289042,2.8252,0.0,2.87346677785811,1.9066359071786096,1.1289,0.0,33.3303,0.5,Canada's GDP grew by 2.9% in 2014; no detailed context is available for this market at this time.
Newfield Design,manufacturing,Manufacturing & Industrial,2008,United States,closed,662000,1,47.8,Medium Potential,-0.11879132398000325,83586,6.4159,0.0939,0.113587249881704,3.839100296651,4.8472,5.820858645473166,48.3847,0.5,United States's GDP grew by 0.1% in 2008; no detailed context is available for this market at this time.
Prism,Payments,Finance & Fintech,2011,United States,operating,1530000,2,48.79,Medium Potential,-0.14234800838574424,204426,6.5926,0.1328,1.56440685763506,3.156841568622,8.5108,6.184691714670109,51.9074,0.5,United States's GDP grew by 1.6% in 2011; no detailed context is available for this market at this time.
RECCY,Film,Media & Entertainment,2013,United Kingdom,operating,19299,1,42.82,Medium Potential,-0.05505160457990645,218815,2.8293,5.0422,1.71846961308464,2.29166666666659,2.9467,4.285557309007774,46.6782,0.5,United Kingdom's GDP grew by 1.7% in 2013; no detailed context is available for this market at this time.
ThirdMotion,Games,Gaming,2009,United States,operating,11000000,2,55.06,Medium Potential,0.0338050314465409,142286,6.3866,0.0565,-2.57650022958367,-0.355546266299747,5.9556,7.04139272463954,54.0707,0.5,"The US GDP fell 2.6% in the worst recession since the Great Depression, triggered by the subprime mortgage collapse, the Lehman Brothers bankruptcy and a resulting global credit freeze."
PokitDok,Health Care,Healthcare & Life Sciences,2011,United States,operating,6865000,4,52.9,Medium Potential,-0.0690533784873407,204426,6.5926,0.0,1.56440685763506,3.156841568622,8.5108,6.836640604834892,54.365,0.5,United States's GDP grew by 1.6% in 2011; no detailed context is available for this market at this time.
TheCreator.ME,Home & Garden,Real Estate & Construction,2010,China,operating,400000,1,56.34,Medium Potential,-0.07972504434768585,149705,6.5582,0.1472,10.5962719761682,3.1753247526919903,0.0359,5.602061077062809,53.2459,0.5,"China expanded 10.6% as its stimulus-fuelled recovery matured, exports rebounded strongly and the global economy recovered, reinforcing its position as the world's second-largest economy."
iAdvize,Telecommunications,Communications & Telecom,2010,France,operating,1349401,2,51.79,Medium Potential,-0.08168037413320431,149705,6.5582,0.8142,2.00032476039051,1.53112270420926,0.8919,6.130141349504113,49.733,0.5,France's GDP grew by 2.0% in 2010; no detailed context is available for this market at this time.
Valmarc,Hardware + Software,Manufacturing & Industrial,2008,United States,operating,400000,1,47.45,Medium Potential,-0.11879132398000325,83586,6.4159,0.0939,0.113587249881704,3.839100296651,4.8472,5.602061077062809,48.3847,0.5,United States's GDP grew by 0.1% in 2008; no detailed context is available for this market at this time.
TapMyBack,Incentives,Marketing & Advertising,2013,Portugal,operating,66023,1,47.03,Medium Potential,0.06259071117561688,218815,2.8293,2.0487,-0.984106574148328,0.274416666666663,0.3825,4.819701832101289,48.1594,0.5,Portugal's GDP contracted by 1.0% in 2013; no detailed context is available for this market at this time.
ZetaRx Biosciences,Biotechnology,Healthcare & Life Sciences,2009,United States,operating,2750000,2,49.5,Medium Potential,-0.07606837606837605,142286,6.3866,0.2224,-2.57650022958367,-0.355546266299747,5.9556,6.4393328517555,50.3854,0.5,"The US GDP fell 2.6% in the worst recession since the Great Depression, triggered by the subprime mortgage collapse, the Lehman Brothers bankruptcy and a resulting global credit freeze."
Coolio,Social Media,Social & Community,2012,United Kingdom,operating,985019,2,50.46,Medium Potential,-0.10270520883728428,223401,6.1121,21.4256,1.52826034721852,2.5732347965453,4.0338,5.993445048570157,51.1256,0.5,United Kingdom's GDP grew by 1.5% in 2012; no detailed context is available for this market at this time.
Limonetik,Mobile,Technology & Software,2007,France,operating,11522960,3,54.3,Medium Potential,-0.060333010804708924,60188,6.4589,0.0,2.53048188351066,1.4879980595386002,0.7342,7.061564091997356,49.5402,0.5,France's GDP grew by 2.5% in 2007; no detailed context is available for this market at this time.
California Stem Cell,Biotechnology,Healthcare & Life Sciences,2005,United States,acquired,1950000,2,51.45,Medium Potential,-0.08142235123367196,9041,5.9149,0.0727,3.48354993555606,3.3927468454955,3.3399,6.29003483407758,49.0363,0.5,United States's GDP grew by 3.5% in 2005; no detailed context is available for this market at this time.
Raiseworks,Peer-to-Peer,Internet & Web Services,2013,United States,operating,1500000,1,44.33,Medium Potential,-0.09411788421222378,218815,2.8293,0.0,2.11783009790057,1.4648326556271698,5.7652,6.176091548585238,47.0503,0.5,United States's GDP grew by 2.1% in 2013; no detailed context is available for this market at this time.
CostumeWorks,E-Commerce,E-Commerce & Retail,2008,United States,closed,175000,1,53.96,Medium Potential,0.049266247379454925,83586,6.4159,0.6025,0.113587249881704,3.839100296651,4.8472,5.2430405303619585,54.0487,0.5,United States's GDP grew by 0.1% in 2008; no detailed context is available for this market at this time.
Imperative Energy,Clean Technology,Energy & Clean Tech,2007,Ireland,operating,0,1,46.51,Medium Potential,-0.007208514755684561,60188,6.4589,0.0494,5.31011830898613,4.8857453754080185,3.4099,0.0,38.5497,0.5,Ireland's GDP grew by 5.3% in 2007; no detailed context is available for this market at this time.
Glassdoor,Recruiting,HR & Recruiting,2007,United States,operating,91500000,5,54.36,Medium Potential,-0.07903967102080305,60188,6.4589,0.0,2.00385829784946,2.85267248150138,5.0924,7.961421098812837,50.7748,0.5,United States's GDP grew by 2.0% in 2007; no detailed context is available for this market at this time.
Terrajoule,Hardware + Software,Manufacturing & Industrial,2009,United States,operating,11500000,1,51.31,Medium Potential,-0.0562006128043864,142286,6.3866,0.111,-2.57650022958367,-0.355546266299747,5.9556,7.060697878118348,51.0489,0.5,"The US GDP fell 2.6% in the worst recession since the Great Depression, triggered by the subprime mortgage collapse, the Lehman Brothers bankruptcy and a resulting global credit freeze."
